Facility ID,Name,Site Address,City
1,14-0 EXPRESS,355 E HUDSON ST,COLUMBUS
2,154 HAGUE FOOD MART,154 N HAGUE AVE,COLUMBUS
3,3 C FOOD MART,3725 KARL RD,COLUMBUS
4,3 C PLUS FOOD MART,1790 MORSE RD,COLUMBUS
5,3C FOOD MART,4436 WESTERVILLE RD,COLUMBUS
6,3-C FOOD MART,5825 SAWMILL RD,DUBLIN
7,4430 REFUGEE RD INC,4430 REFUGEE RD,COLUMBUS
8,5TH AVENUE EXXON,693 E 5TH AVE,COLUMBUS
9,99 CENTS STORE PLUS BEAUTY DISCOUNT,1218 S JAMES RD,COLUMBUS
10,A & A MINI MART,445 E 17TH AVE,COLUMBUS
11,A & B MARKET,5440 E LIVINGSTON AVE,COLUMBUS
12,A & M CARRYOUT,2990 E 5TH AVE,COLUMBUS
13,A AND N MARKET,744 E HUDSON ST,COLUMBUS
14,ABC LIQUOR,1571 E DUBLIN GRANVILLE RD,COLUMBUS
15,AFICIONADO'S,8909 S OLD STATE RD,LEWIS CENTER
16,AGLER FOOD MART,2043 AGLER RD,COLUMBUS
17,AIRPORT DUCHESS #1250,4455 E 5TH AVE,COLUMBUS
18,ALCASTLE INC,506 ST CLAIR AVE,COLUMBUS
19,ALE & ICE,8751 SMOKY ROW RD,POWELL
20,ALEX MARKET,2991 SULLIVANT AVE,COLUMBUS
21,ALFAA MART,3200 S HIGH ST,COLUMBUS
22,ALI GUL MARKET,1905 CLEVELAND AVE,COLUMBUS
23,ALKIRE MARATHON,5600 ALKIRE RD,GALLOWAY
24,ALUM CREEK MARATHON,995 ALUM CREEK DR,COLUMBUS
25,ALUM CREEK SUNOCO,1535 ALUM CREEK DR,COLUMBUS
26,AMBLE MART,6188 AMBLESIDE DR,COLUMBUS
27,AMERICAN EAGLE DISCOUNT,1485 SUNBURY RD STE B,COLUMBUS
28,ARABIAN MARKET,1910 HARD RD,COLUMBUS
29,ARENA WINE AND SPIRITS,492 ARMSTRONG ST,COLUMBUS
30,ASWAQ BALADNA,2487 E DUBLIN GRANVILLE RD,COLUMBUS
31,AU MARKET,2281 SULLIVANT AVE,COLUMBUS
32,B & M MARKET 2,2552 LOCKBOURNE RD,COLUMBUS
33,BARLEY BIN OF DUBLIN,5931 KARRIC SQUARE DR,DUBLIN
34,BEDS 'N' STUFF,2194 N HIGH ST,COLUMBUS
35,BEDS 'N' STUFF,2230 MORSE RD,COLUMBUS
36,BEDS 'N' STUFF,5846 COLUMBUS SQ,COLUMBUS
37,BEDS 'N' STUFF SUPERSTORE,3592 SOLDANO BLVD,COLUMBUS
38,BEDS 'N' STUFF SUPERSTORE,720 POLARIS PKWY,LEWIS CENTER
39,BEECHWOOD MARKET,3796 E LIVINGSTON AVE,COLUMBUS
40,BEER 4 LESS,1255 MORSE RD,COLUMBUS
41,BEER DOCK,414 FREBIS AVE,COLUMBUS
42,BEER FRAME CARRYOUT,2676 COURTRIGHT RD,COLUMBUS
43,BEER ZONE,4658 KENNY RD,COLUMBUS
44,BELL STORES #123,7200 SAWMILL RD,COLUMBUS
45,BELVIDERE FAST MART 1ST FLOOR & BASEMENT,126 BELVIDERE AVE,COLUMBUS
46,BERRY SUPPLIES LTD,1889 SULLIVANT AVE,COLUMBUS
47,BEST BUDZ THREE SMOKE SHOP,7424 SAWMILL RD,COLUMBUS
48,BEST MARKET & DRIVE THRU,2844 E 5TH AVE,COLUMBUS
49,BEVERAGE DOCK,2330 HARRISBURG PIKE,GROVE CITY
50,BEVERAGE WAREHOUSE,1848 E MAIN ST,COLUMBUS
51,BEVERAGE WAREHOUSE,847 E 11TH AVE,COLUMBUS
52,BEXLEY LIQUOR AGENCY,2173-77 E LIVINGSTON AVE,COLUMBUS
53,BG'S  CARRYOUT,920 E WEBER RD,COLUMBUS
54,BIG R,3420 BEXVIE AVE # C,COLUMBUS
55,BISTA BROTHERS ASIAN GROCERY,4625 MAIZE RD,COLUMBUS
56,BOULEVARD CARRY OUT,1288-90 W 3RD AVE,COLUMBUS
57,BP,4569 S HIGH ST,COLUMBUS
58,BP OIL,1950 E 17TH AVE,COLUMBUS
59,BREW HOUSE EXPRESS DRIVE THRU,5311 SINCLAIR RD,COLUMBUS
60,BRICE PARK SMOKE SHOP AND CARRYOUT,6351 TUSSING RD,COLUMBUS
61,BRIGGS MART,2774 BRIGGS RD,COLUMBUS
62,BRIGGS STOP MART,3452 BRIGGS RD,COLUMBUS
63,BROAD & HAGUE MARATHON,2805 W BROAD ST,COLUMBUS
64,BROAD AND PRINCETON MARKET,1306 W BROAD ST,COLUMBUS
65,BRONZEVILLE DRIVE THRU,1232 MT VERNON AVE,COLUMBUS
66,BROOKSHIRE FOODLINER,2781 EAKIN RD,COLUMBUS
67,BROTHERS MARKET,1971 DOREN AVE,COLUMBUS
68,BUCKEYE ONE STOP SHOP,2222 SUMMIT ST,COLUMBUS
69,BUCKEYE SUPER MARKET,3201 SULLIVANT AVE,COLUMBUS
70,BUCKEYE WINE & SPIRITS,506-510 ACKERMAN RD,COLUMBUS
71,BUCKS SMOKE SHOP,5051 ROBERTS RD,HILLIARD
72,BULLDOG'S BEER WINE BREW THRU,987 WORTHINGTON WOODS LOOP RD,COLUMBUS
73,BUS TOWN FLOWER COMPANY,893 E MAIN ST,COLUMBUS
74,BUSHMAN MARKETS,1145 PARSONS AVE,COLUMBUS
75,BUSTOWN FLOWER CO,1747 PARSONS AVE,COLUMBUS
76,CANAL WINCHESTER SHELL,3480 GENDER RD,COLUMBUS
77,CANNA CABANA 614,2737 SULLIVANT AVE,COLUMBUS
78,CARTEL PALACE,1127 N HIGH ST,COLUMBUS
79,CASABLANCA CAFE AND HOOKAH BAR,19-21 E DUNCAN ST,COLUMBUS
80,CASSADY MARKET,2466 N CASSADY AVE,COLUMBUS
81,CENTRAL POINT LIQUOR,689 HARRISBURG PIKE,COLUMBUS
82,CERTIFIED #038,1270 HARMON AVE,COLUMBUS
83,CERTIFIED GAS STATION #004,74 W MOUND ST,COLUMBUS
84,CERTIFIED OIL #219,1081 FRANK RD,COLUMBUS
85,CERTIFIED OIL #235,1950 LOCKBOURNE RD,COLUMBUS
86,CERTIFIED OIL #354,2483 PARSONS AVE,COLUMBUS
87,CERTIFIED OIL #388,3204 W BROAD ST,COLUMBUS
88,CERTIFIED OIL #485,4580 ALKIRE RD,GALLOWAY
89,CERTIFIED OIL #488,1401 BETHEL RD,COLUMBUS
90,CERTIFIED OIL #489,856-858 FRANK RD,COLUMBUS
91,CERTIFIED OIL *490,2025 IKEA WY,COLUMBUS
92,CERTIFIED OIL CORPORATION #491,5991 S HIGH ST,COLUMBUS
93,CHAMPS MARKET,219 W 8TH AVE,COLUMBUS
94,CHATEAU WINE & SPIRITS,2131 POLARIS PKWY,COLUMBUS
95,CHAUDHARY MART (SUNOCO),4251 KIMBERLY PKWY,COLUMBUS
96,CHEEMA MAIN ST MART,3140 E MAIN ST,COLUMBUS
97,CHUCK'S CARRY OUT,3140 ALLEGHENY AVE,COLUMBUS
98,CIRCLE A,4432 WALFORD ST,COLUMBUS
99,CIRCLE DRIVE THRU,1848 TAMARACK CIR S,COLUMBUS
100,CIRCLE K  #4705265,8303 SANCUS BLVD,WESTERVILLE
101,CIRCLE K  #4705267,1573 SCHROCK RD,COLUMBUS
102,CIRCLE K #4705268,5499 HALL RD,COLUMBUS
103,CIRCLE K #4705269,3749 TWIN CREEKS DR,COLUMBUS
104,CIRCLE K #4705686,2481 PETZINGER RD,COLUMBUS
105,CIRCLE K #4705698,1574 KENNY RD,COLUMBUS
106,CIRCLE MART,1876 TAMARACK CIR S,COLUMBUS
107,CIRCLE SMOKE SHOP,1852 TAMARACK CIR S,COLUMBUS
108,CIRCLE V FOOD,2124 W MOUND ST,COLUMBUS
109,CLOUD NINE,2151 E DUBLIN GRANVILLE RD UNIT C,COLUMBUS
110,COLLEGE CENTRAL PETROLEUM,6809 N HAMILTON RD,WESTERVILLE
111,COME AND GO CENTER,884 OAKLAND PARK AVE,COLUMBUS
112,CONVENIENT PLUS FOOD MART,1475 E LIVINGSTON AVE,COLUMBUS
113,CONVENIENT PLUS FOOD MART,1541 FREBIS AVE,COLUMBUS
114,CONVENIENT PLUS FOOD MART,3351 E MAIN ST,COLUMBUS
115,CONVENIENT PLUS FOOD MART,5435 E LIVINGSTON AVE,COLUMBUS
116,CORNER STONE CRAFT BEER & WINE,61 PARSONS AVE,COLUMBUS
117,COUNTRY FOOD STORE,3861 SULLIVANT AVE,COLUMBUS
118,CROWN SMOKE AND CELL,3544 GENDER RD,CANAL WINCHESTER
119,CROWN TOBACCO AND VAPE,2750 S HAMILTON RD,COLUMBUS
120,CRUZ & BOOZE DRIVE THRU,1511 FREBIS AVE,COLUMBUS
121,CULEBRA CIGARS COMPANY,1786 W 5TH AVE,COLUMBUS
122,DAHAB RESTAURANT AND CAFE,3708 FISHINGER BLVD,HILLIARD
123,DAIRY FAMILY,184 W 5TH AVE,COLUMBUS
124,DAIRY LAND EXPRESS,2555 PETZINGER RD,COLUMBUS
125,DARBY SUNOCO,4537 SCIOTO DARBY RD,HILLIARD
126,DARSHAN MART,1283 MORSE RD,COLUMBUS
127,DASHMART,1530 GERRARD AVE,COLUMBUS
128,DAY MART,981 E LIVINGSTON AVE,COLUMBUS
129,DE STORE,5273 GENDER RD,CANAL WINCHESTER
130,DE STORE,5593 CHATTERTON RD,COLUMBUS
131,DEMOREST BEER DOCK,1232 DEMOREST RD,COLUMBUS
132,DEMOREST MARKET,1425 DEMOREST RD,COLUMBUS
133,DOLLAR EXPRESS #19258,128 N WILSON RD,COLUMBUS
134,DOLLAR GENERAL #06035,3150 HILLIARD ROME RD,COLUMBUS
135,DOLLAR GENERAL #10181,3636 LOCKBOURNE RD,COLUMBUS
136,DOLLAR GENERAL #10722,3350 CLEVELAND AVE STE 1970,COLUMBUS
137,DOLLAR GENERAL #10953,745 GEORGESVILLE RD,COLUMBUS
138,DOLLAR GENERAL #11851,3000 E BROAD ST,COLUMBUS
139,DOLLAR GENERAL #12259,4050 ALUM CREEK DR,COLUMBUS
140,DOLLAR GENERAL #12721,4932 N HIGH ST,COLUMBUS
141,DOLLAR GENERAL #13063,2012 LOCKBOURNE RD,COLUMBUS
142,DOLLAR GENERAL #14153,1391 E MAIN ST,COLUMBUS
143,DOLLAR GENERAL #17280,1862 HARD RD,COLUMBUS
144,DOLLAR GENERAL #30929,3355 E LIVINGSTON AVE,COLUMBUS
145,DOLLAR GENERAL #3235,1959 MORSE RD,COLUMBUS
146,DOLLAR GENERAL #3341,3221 S HIGH ST,COLUMBUS
147,DOLLAR GENERAL #6024,1162 HARRISBURG PIKE,COLUMBUS
148,DOLLAR GENERAL #7676,1260 DEMOREST RD,COLUMBUS
149,DOLLAR GENERAL #8184,4245 MACSWAY AVE,COLUMBUS
150,DOLLAR GENERAL #8351,1660 E DUBLIN GRANVILLE RD,COLUMBUS
151,DOLLAR GENERAL #8357,1237 MORSE RD,COLUMBUS
152,DOLLAR GENERAL #8422,5680 CLEVELAND AVE,COLUMBUS
153,DOLLAR GENERAL #9923,1130 NORTON RD,COLUMBUS
154,DOLLAR GENERAL STORE #16681,6335 REFUGEE RD,CANAL WINCHESTER
155,DOLLAR GENERAL STORE #17278,5950 E LIVINGSTON AVE,COLUMBUS
156,DOLLAR GENERAL STORE #17396,3561 SULLIVANT AVE,COLUMBUS
157,DOLLAR GENERAL STORE #20240,1350 W BROAD ST,COLUMBUS
158,DOLLAR GENERAL STORE #20932,2556 LOCKBOURNE RD,COLUMBUS
159,DOLLAR GENERAL STORE #21592,166 S HIGH ST,COLUMBUS
160,DOLLAR GENERAL STORE #22948,415 NORTON RD,COLUMBUS
161,DOLLAR GENERAL STORE #23287,1431 CLEVELAND AVE,COLUMBUS
162,DOLLAR PLUS,1975 CLEVELAND AVE,COLUMBUS
163,DOLLAR PLUS,993 MT VERNON AVE,COLUMBUS
164,DON'S DRIVE THRU,2618 HILLIARD ROME RD,HILLIARD
165,DONS QUICK STOP,1724 CLEVELAND AVE,COLUMBUS
166,DOWNTOWN CONVENIENCE,26 N HIGH ST FRONT,COLUMBUS
167,DOWNTOWN MOBIL,215 E RICH ST,COLUMBUS
168,DREAM EXCLUSIVE,2102 CLEVELAND AVE,COLUMBUS
169,DRIVE N GO DRIVE THRU,4827 E MAIN ST,COLUMBUS
170,DRIVE THRU 1,1201 N WILSON RD,COLUMBUS
171,DRUG MART #65,8951 S OLD STATE RD,LEWIS CENTER
172,DT EXPRESS,1131 E HUDSON ST,COLUMBUS
173,DUCHESS #1610/E  BROAD & NEW ALBANY RD,7040 E BROAD ST,COLUMBUS
174,DUCHESS #1634 EASTON,4024 MORSE RD,COLUMBUS
175,DUCHESS COLUMBUS #1631,4835 N HAMILTON RD,COLUMBUS
176,DUCHESS DUBLIN & GRANDVIEW #1616,1090 DUBLIN RD,COLUMBUS
177,DUCHESS E BROAD ST #1619,825 E BROAD ST,COLUMBUS
178,DUCHESS HIGH & GREENLAWN #1615,1091 S HIGH ST,COLUMBUS
179,DUCHESS I-70 & ROME HILLIARD #1623,925 HILLIARD ROME RD,COLUMBUS
180,DUCHESS I-71 & POLARIS PKWY #1622,1925 POLARIS PKWY,COLUMBUS
181,DUCHESS MORSE RD #1618,935 MORSE RD,COLUMBUS
182,DUCHESS OLENTANGY & 5TH #1612,1347 OLENTANGY RIVER RD,COLUMBUS
183,DUCHESS POLARIS FASHION MALL #1633,1060 POLARIS PKWY,COLUMBUS
184,DUCHESS SHOPPE EAST 5TH AVENUE #1259,2365 E 5TH AVE,COLUMBUS
185,DUCHESS SHOPPE HIGH & HENDERSON #1264,4387 N HIGH ST,COLUMBUS
186,DUCHESS SHOPPE LINWORTH #1271,2230 W DUBLIN GRANVILLE RD,WORTHINGTON
187,DUCHESS SHOPPE OLENTANGY & BETHEL #1267,5067 OLENTANGY RIVER RD,COLUMBUS
188,DUCHESS SHOPPE SANCUS BLVD #1270,7525 SANCUS BLVD,WORTHINGTON
189,DUCHESS SHOPPE WILSON RD #1260,850 WILSON RD,COLUMBUS
190,DUCHESS TUSSING & BRICE #1617,6310 TUSSING RD,REYNOLDSBURG
191,DUCHESS TUTTLE CROSSING #1625,5099 TUTTLE CROSSING BLV,DUBLIN
192,DUCHESS WORTHINGTON #1628,7141 N HIGH ST,WORTHINGTON
193,DUKE/DUCHESS #1626,7310 SAWMILL RD,COLUMBUS
194,E & E MARKET,778 E HUDSON ST,COLUMBUS
195,E & S MARKET,1800 E HUDSON ST,COLUMBUS
196,EAGLE FUEL,3851 E LIVINGSTON AVE,COLUMBUS
197,EAKIN ROAD MARKET,2220 EAKIN RD,COLUMBUS
198,EAST MAIN STREET SMOKESHOP & CARRYOUT,2914 E MAIN ST,COLUMBUS
199,EAST SIDE MARKET,2110 LEONARD AVE,COLUMBUS
200,EASTLAND FOOD MART,2213 COURTRIGHT RD,COLUMBUS
201,EASTLAND SHELL,2191 S HAMILTON RD,COLUMBUS
202,EASTLAND SUNOCO MINI MART,2190 S HAMILTON RD,COLUMBUS
203,EASTON MART,4242 MORSE RD,COLUMBUS
204,EASY MART,4366 KARL RD,COLUMBUS
205,ECKELS MARKET,1943 HARD RD,COLUMBUS
206,EL DORADO GAMING SCIOTO DOWNS - THE TERRACE,6000 S HIGH ST,COLUMBUS
207,EMPORIUM SMOKE SHOP,2016 SULLIVANT AVE,COLUMBUS
208,ERIKA KAY,3984 ALUM CREEK DR,COLUMBUS
209,EV MARKET PLACE,4984-86 GENDER RD,CANAL WINCHESTER
210,EXOTIC PUFF N STUFF,1496 BETHEL RD,COLUMBUS
211,EXPRESS BEVERAGE CENTER,348 WILLIAMS RD,COLUMBUS
212,EXPRESS DRIVE THRU,1320 E HUDSON ST,COLUMBUS
213,EXPRESS DRIVE THRU,1925 LOCKBOURNE RD,COLUMBUS
214,EXPRESS MARKET,900 E 5TH AVE,COLUMBUS
215,F O E 2252,3800 WESTERVILLE RD,COLUMBUS
216,FAMILY CARRYOUT,940 E LIVINGSTON AVE,COLUMBUS
217,FAMILY DOLLAR #28449,2746 BRICE RD,REYNOLDSBURG
218,FAMILY DOLLAR #30064,6480 WINCHESTER PIKE,CANAL WINCHESTER
219,FAMILY DOLLAR #31024,1092 E MAIN ST,COLUMBUS
220,FAMILY DOLLAR #31767,2180 HARRISBURG PIKE,GROVE CITY
221,FAMILY DOLLAR #33958,3307 E BROAD ST,COLUMBUS
222,FAMILY DOLLAR STORE  #21304,629 HARRISBURG PIKE,COLUMBUS
223,FAMILY DOLLAR STORE #20973,2052 LOCKBOURNE RD,COLUMBUS
224,FAMILY DOLLAR STORE #22007,3631 SULLIVANT AVE,COLUMBUS
225,FAMILY DOLLAR STORE #23980,2175 EAKIN RD,COLUMBUS
226,FAMILY DOLLAR STORE #24540,937 E DUBLIN GRANVILLE RD,COLUMBUS
227,FAMILY DOLLAR STORE #24764,2485 E DUBLIN GRANVILLE RD,COLUMBUS
228,FAMILY DOLLAR STORE #25765,2777 SULLIVANT AVE,COLUMBUS
229,FAMILY DOLLAR STORE #26200,5061 ROBERTS RD,COLUMBUS
230,FAMILY DOLLAR STORE #26750,1600 LOCKBOURNE RD,COLUMBUS
231,FAMILY DOLLAR STORE #27108,1159 W BROAD ST,COLUMBUS
232,FAMILY DOLLAR STORE #28375,1792 E DUBLIN GRANVILLE RD,COLUMBUS
233,FAMILY DOLLAR STORE #30095,3619 S HAMILTON RD,COLUMBUS
234,FAMILY DOLLAR STORES #30703,1449 OAKLAND PARK AVE,COLUMBUS
235,FAMILY DOLLAR STORES #32242,1541 SCHROCK RD,COLUMBUS
236,FAMILY DRIVE THRU,1535 E LIVINGSTON AVE,COLUMBUS
237,FARIS GROCERY,1615 E MAIN ST,COLUMBUS
238,FAST MART,3495 PARSONS AVE,COLUMBUS
239,FAST STOP,3245 E BROAD ST,COLUMBUS
240,FIFTH & SUNBURY MARKET,2157 E 5TH AVE,COLUMBUS
241,FINE FAIR FOOD,1547 CLEVELAND AVE,COLUMBUS
242,FINNIGANS DRIVE THRU,2679 INDEPENDENCE VILLAGE CTR,REYNOLDSBURG
243,FIRST TOBACCO DISCOUNTERS,5691 EMPORIUM SQ,COLUMBUS
244,FISHER ROAD BELL STORE #124,5501 FISHER RD,COLUMBUS
245,FIVE BROTHERS MARKET,1230 E LONG ST,COLUMBUS
246,FM MARKET,2007 CLEVELAND AVE,COLUMBUS
247,FOOD MART,1536 W BROAD ST,COLUMBUS
248,FOODMART EXPRESS,2714 SULLIVANT AVE,COLUMBUS
249,FRANKLINTON MARKET,439 W RICH ST,COLUMBUS
250,FRANTZ ROAD MARKET,5744 FRANTZ RD,DUBLIN
251,FYRE FLAME SMOKE SHOP,3192 N HIGH ST,COLUMBUS
252,GALLOWAY WINE AND SPIRITS,950 S GALLOWAY RD,GALLOWAY
253,GAS LITE DRIVE THRU,3446 SULLIVANT AVE,COLUMBUS
254,GATEWAY MART,207 E 11TH AVE,COLUMBUS
255,GEORGESVILLE SHELL,1240 GEORGESVILLE RD,COLUMBUS
256,GET GO #3504,2888 BETHEL RD,COLUMBUS
257,GET GO #3512,2845 N HIGH ST,COLUMBUS
258,GET GO #3513,6825 E BROAD ST,COLUMBUS
259,GET GO #3517,2920 STELZER RD,COLUMBUS
260,GET GO #3528,5465 NEW ALBANY RD W,COLUMBUS
261,GET GO #3529,6780 HAYDEN RUN RD,DUBLIN
262,GET GO #3539,820 W 3RD AVE,COLUMBUS
263,GET N GO DRIVE THRU,3612 LOCKBOURNE RD,COLUMBUS
264,GETGO #3537,3765 S HAMILTON RD,GROVEPORT
265,GIANT EAGLE #6504,4747 SAWMILL RD,COLUMBUS
266,GIANT EAGLE #6512,2801 N HIGH ST,COLUMBUS
267,GIANT EAGLE #6513,6867 E BROAD ST,COLUMBUS
268,GIANT EAGLE #6517,2900 STELZER RD,COLUMBUS
269,GIANT EAGLE #6528,5461 NEW ALBANY RD W,COLUMBUS
270,GIANT EAGLE #6529,6700 HAYDEN RUN RD,HILLIARD
271,GIANT EAGLE #6537,3841 S HAMILTON RD,GROVEPORT
272,GIANT EAGLE #6539,840 W 3RD AVE,COLUMBUS
273,GILLIGAN EXXON/SUBWAY #1003,1866 SUMMIT ST,COLUMBUS
274,GILLIGAN SUBWAY/EXXON #1002,2187 NEIL AVE,COLUMBUS
275,GLEASON MARKET,1004 W RICH ST,COLUMBUS
276,GOLDEN MARKET,2185 W MOUND ST,COLUMBUS
277,GOPUFF,1260 W MOUND ST,COLUMBUS
278,GOPUFF,5235 N HIGH ST,COLUMBUS
279,GRAB N GO MARKET,955 W 5TH AVE STE F,COLUMBUS
280,GRANDVIEW BOTTLE SHOP,1761 W 5TH AVE,COLUMBUS
281,GRANDVIEW CARRYOUT,1355 GRANDVIEW AVE,COLUMBUS
282,GRANDVIEW SUNOCO,648 GRANDVIEW AVE,COLUMBUS
283,GRANNYS MARKET,2211 W BROAD ST,COLUMBUS
284,GREAT MIAMI MARKET,5121 E MAIN ST,COLUMBUS
285,GREAT VAPES,1294 BETHEL RD,COLUMBUS
286,GULF MART,2676 CLEVELAND AVE,COLUMBUS
287,GURU WINES,2285 W DUBLIN GRANVILLE RD STE 117,WORTHINGTON
288,H AND N MARKET,1799 E HUDSON ST,COLUMBUS
289,HALL MARKET,5526 HALL RD,COLUMBUS
290,HALL MART FOOD STORE,1448 COURTRIGHT RD,COLUMBUS
291,HAPPY MARKET,1427 S HAMILTON RD,COLUMBUS
292,HARRISBURG PIKE SUNOCO,1305 HARRISBURG PIKE,COLUMBUS
293,HASEEB PETROLEUM,3933 SULLIVANT AVE,COLUMBUS
294,HEADIES HIDEOUT,114 PARSONS AVE,COLUMBUS
295,HEDZ UP ON HUDSON,459 E HUDSON ST,COLUMBUS
296,HENDERSON RD SUNOCO 12,2122 W HENDERSON RD,COLUMBUS
297,HERBERT MARKET,1121 SULLIVANT AVE,COLUMBUS
298,HIGH LIFE VAPOR SMOKING,1178 N HIGH ST,COLUMBUS
299,HIGHLAND GROCERY MART,2538 MORSE RD,COLUMBUS
300,HIPPIE HUT SMOKE SHOP,1551 N HIGH ST,COLUMBUS
301,HOLLYWOOD CASINO,200 GEORGESVILLE RD,COLUMBUS
302,HOLLYWOOD CASINO,200 GEORGESVILLE RD,COLUMBUS
303,HOLLYWOOD CASINO,200 GEORGESVILLE RD,COLUMBUS
304,HOLLYWOOD SMOKE AND VAPE,3951 W BROAD ST,COLUMBUS
305,HOME MARKET,2386 GROVEPORT RD,COLUMBUS
306,HONEY BEE DRIVE THRU,1600 S HIGH ST,COLUMBUS
307,HOOKAH RUSH,2394 N HIGH ST,COLUMBUS
308,HOUSE OF CIGAR,7099 HUNTLEY RD,COLUMBUS
309,HOUSE OF MONTECRISTO,1209 N HIGH ST,COLUMBUS
310,HUDSON EXPRESS CARRYOUT,1818 E HUDSON ST,COLUMBUS
311,HUDSON MARKET,1080 E HUDSON ST,COLUMBUS
312,HUMBLE HEALTH,4430 WESTERVILLE RD,COLUMBUS
313,HUMIDOR PLUS,6157 CLEVELAND AVE,COLUMBUS
314,HYDES MARKET,1414 MORSE RD,COLUMBUS
315,IMAGE GROCERY,4669 MORSE CENTRE RD,COLUMBUS
316,INDRENI MART GROCERY,1565 E DUBLIN GRANVILLE RD,COLUMBUS
317,ISLANDS DRIVE THRU,2157 HILLIARD ROME RD,HILLIARD
318,ISMOKE & VAPE,1403 S HAMILTON RD,COLUMBUS
319,J & N CARRYOUT,1541 E WHITTIER ST,COLUMBUS
320,J & S STOP N SHOP,6867 FLAGS CENTER DR,COLUMBUS
321,J KHAN DRIVE THRU,1436 S HAMILTON RD,COLUMBUS
322,JAFRA CAFE,40 N JAMES RD,COLUMBUS
323,JAYA & JASMINE LLC,1326 OAKLAND PARK AVE,COLUMBUS
324,JAYS DRIVE THRU,766 PARSONS AVE,COLUMBUS
325,JEDDO HOOKAH,5615 CLEVELAND AVE,COLUMBUS
326,JEFF RUBYS,89 E NATIONWIDE BLVD 1ST FLR,COLUMBUS
327,JEFFERSON SMOKE PLUS,1043 E HUDSON ST,COLUMBUS
328,JERUSALEM HALAL MARKET,5410 ROBERTS RD,HILLIARD
329,JHORNZ ENTERTAINMENT STUDIOS,1142 S HIGH ST,COLUMBUS
330,JR J'S DRIVE THRU,2179 PARKWOOD AVE,COLUMBUS
331,JULIAN FOODS,3277 W BROAD ST,COLUMBUS
332,JULIAN WIRELESS II,2562 MORSE RD,COLUMBUS
333,K & K MART LLC,620 HARRISBURG PIKE,COLUMBUS
334,KARL BEVERAGE COMPANY,6733 KARL RD,COLUMBUS
335,KARL ROAD MARKET,3663 KARL RD,COLUMBUS
336,KELLY'S MARKET,3453 PARSONS AVE,COLUMBUS
337,KEYSTONE PUB,1081 GEMINI PL,COLUMBUS
338,KHAN SMOKE AND BEER SHOP,6044 CHANNINGWAY BLVD,COLUMBUS
339,KIMBERLY MARKET,4295 KIMBERLY PKWY,COLUMBUS
340,KIMS MARKET 1ST FLOOR ONLY,1327 E LIVINGSTON AVE,COLUMBUS
341,KING LINCOLN DRIVE THRU,1232 MT VERNON AVE,COLUMBUS
342,KINGS LOUNGE,3070 N HIGH ST,COLUMBUS
343,KOSHELI MART,59 N WAGGONER RD,BLACKLICK
344,KROGER #273,60 WORTHINGTON SQ,WORTHINGTON
345,KROGER #315,2000 E MAIN ST,COLUMBUS
346,KROGER #519,1585 GEORGESVILLE SQ DR,COLUMBUS
347,KROGER #569,150 W SYCAMORE ST,COLUMBUS
348,KROGER #587,1350 N HIGH ST,COLUMBUS
349,KROGER #587 LIQUOR STORE,1300 N HIGH ST,COLUMBUS
350,KROGER #598,3600 SOLDANO BLVD,COLUMBUS
351,KROGER #623,5800 W BROAD ST,GALLOWAY
352,KROGER #815,3637 S HIGH ST,COLUMBUS
353,KROGER #818,2090 CROWN PLAZA DR,COLUMBUS
354,KROGER #839,1177 POLARIS PKWY,COLUMBUS
355,KROGER #853,7000 E BROAD ST,COLUMBUS
356,KROGER #867,2525 HILLIARD ROME RD,HILLIARD
357,KROGER #871 FUEL CENTER,5420 N HAMILTON RD,COLUMBUS
358,KROGER #879,1425 WORTHINGTON CTR DR,COLUMBUS
359,KROGER #881,5161 HAMPSTED VILLAGE CENTER WY,NEW ALBANY
360,KROGER #893,1441 PARSONS AVE,COLUMBUS
361,KROGER #942,1375 CHAMBERS RD,COLUMBUS
362,KROGER #971,3417 N HIGH ST,COLUMBUS
363,KROGER #990,2161 EAKIN RD,COLUMBUS
364,KROGER #N-514,3588 GENDER RD,COLUMBUS
365,KROGER #N-819,199 GRACELAND BLVD,COLUMBUS
366,KROGER FUEL CENTER #315,2000 E MAIN ST,COLUMBUS
367,KROGER FUEL CENTER #519,1585 GEORGESVILLE SQUARE DR,COLUMBUS
368,KROGER FUEL CENTER #598,85 N WILSON RD,COLUMBUS
369,KROGER FUEL CENTER #623,5750 W BROAD ST,GALLOWAY
370,KROGER FUEL CENTER #815,3637 S HIGH ST,COLUMBUS
371,KROGER FUEL CENTER #818,2090 CROWN PLAZA DR,COLUMBUS
372,KROGER FUEL CENTER #839,1177 POLARIS PKWY,COLUMBUS
373,KROGER FUEL CENTER #853,77 N REYNOLDSBURG NEW ALBANY RD,COLUMBUS
374,KROGER FUEL CENTER #879,1425 WORTHINGTON CENTRE DR,COLUMBUS
375,KROGER FUEL CENTER #881,5161 HAMPSTED VILLAGE CENTER WY,NEW ALBANY
376,KROGER FUEL CENTER #893,1415 PARSONS AVE,COLUMBUS
377,KROGER FUEL CENTER #942,1765 NORTHWEST BLVD,COLUMBUS
378,KROGER FUEL CENTER #990,2161 EAKIN RD,COLUMBUS
379,KROGER FUEL CENTER #N-514,3598 GENDER RD,CANAL WINCHESTER
380,KROGER N593,1745 MORSE RD,COLUMBUS
381,KROGERS FUEL CENTER #867,2525 HILLIARD-ROME RD,HILLIARD
382,LA CHAVETA CIGAR LOUNGE,3293 N HIGH ST,COLUMBUS
383,LA MICHOACANA #7,534 NORTON RD,COLUMBUS
384,LA MICHOACANA #8,5445 BETHEL SAWMILL CTR,COLUMBUS
385,LA MICHOACANA FRESH MARKET LLC,939 E DUBLIN GRANVILLE RD,COLUMBUS
386,LA MICHOACANA MARKET #2,3629 SULLIVANT AVE,COLUMBUS
387,LA MICHOACANA MEXICAN MARKET #1,3881 CLEVELAND AVE,COLUMBUS
388,LA MICHOACANA MKT #6,3160 S HAMILTON RD,COLUMBUS
389,LAS PALOMAS,2915 E 5TH AVE,COLUMBUS
390,LATERALUS GLASS,5132 WALHAM GREEN RD APT. 301,WESTERVILLE
391,LAYLA'S SMOKE SHOP,2498 SUMMIT ST,COLUMBUS
392,LAZELLE BEER WINE DRIVE THRU,451 LAZELLE RD,WESTERVILLE
393,LD SUNOCO,849 E 5TH AVE,COLUMBUS
394,LEONARD MARKET,2070 LEONARD AVE STE F,COLUMBUS
395,LINDA'S MARKET,2165 COURTRIGHT RD,COLUMBUS
396,LION'S DEN,3586 W DUBLIN GRANVILLE RD,COLUMBUS
397,LION'S DEN,4315 KIMBERLY PKWY,COLUMBUS
398,LION'S DEN,4375 ROBERTS RD,COLUMBUS
399,LION'S DEN - BEXLEY RETAIL 47 LLC,1144 ALUM CREEK DR,COLUMBUS
400,LION'S DEN - GRANDVIEW RETAIL 58 LLC,1055 W FIFTH AVE,COLUMBUS
401,LIVINGSTON & HAMILTON SHELL,4425 E LIVINGSTON AVE,COLUMBUS
402,LIVINGSTON EXXON,2097 E LIVINGSTON AVE,COLUMBUS
403,LIVINGSTON MARKET,1619 E LIVINGSTON AVE,COLUMBUS
404,LIVINGSTON SHELL,1937 E LIVINGSTON AVE,COLUMBUS
405,LIVINGSTON SUNOCO,3172 E LIVINGSTON AVE,COLUMBUS
406,LK GROCERY LLC / LK NEPALI BAZAAR,988-992 N WAGGONER RD,BLACKLICK
407,LOCKBOURNE FAST MART,1333 LOCKBOURNE RD,COLUMBUS
408,LOCKBOURNE MART,1119 LOCKBOURNE RD,COLUMBUS
409,LOCKBOURNE MOBIL,1509 LOCKBOURNE RD,COLUMBUS
410,LOCKBOURNE SMOKE SHOP,1730 LOCKBOURNE RD,COLUMBUS
411,LOCKBOURNE SUNOCO,1711 LOCKBOURNE RD,COLUMBUS
412,LOUIE'S DRIVE THRU,3896 REFUGEE RD,COLUMBUS
413,M & J CARRYOUT,1958 SULLIVANT AVE,COLUMBUS
414,M & M MARKET & CARRYOUT,1596 OAKLAND PARK AVE,COLUMBUS
415,M & R WINE SHOP,1553 E MAIN ST,COLUMBUS
416,M & S CARRYOUT,590 GEORGESVILLE RD,COLUMBUS
417,M EXPRESS MARKET,2305 W BROAD ST,COLUMBUS
418,MAIZE MARKET,3310 MAIZE RD,COLUMBUS
419,MANGOS,21 SMITH PL,COLUMBUS
420,MANOR CARRYOUT,579-81 WEDGEWOOD DR,COLUMBUS
421,MAPLE MARKET,5709 MAPLE CANYON AVE,COLUMBUS
422,MARATHON,1466 S HAMILTON RD,COLUMBUS
423,MARATHON,3464 SULLIVANT AVE,COLUMBUS
424,MARATHON,3760 SNOUFFER RD STE A,COLUMBUS
425,MARATHON EXPRESS,3434 PARSONS AVE,COLUMBUS
426,MARATHON FOOD MARKET,1226 GEORGESVILLE RD,COLUMBUS
427,MARATHON REFUGEE,6750 REFUGEE RD,CANAL WINCHESTER
428,MARC'S UPPER ARLINGTON,1828 W HENDERSON RD,COLUMBUS
429,MAYA CAFE & HOOKAH,2367-69 N HIGH ST,COLUMBUS
430,MAZAJ HOOKAH LOUNGE,4223 ROBERTS RD,COLUMBUS
431,MCGUFFEY MARKET,1066 E HUDSON ST,COLUMBUS
432,MEADOWS CARRY OUT,5900 N MEADOWS BLVD,COLUMBUS
433,MEIJER GAS #104,1675 HILLIARD ROME RD,COLUMBUS
434,MEIJER GAS #114,5030 N HAMILTON RD,COLUMBUS
435,MEIJER GAS #212,7930 E BROAD ST,REYNOLDSBURG
436,MEIJER GAS STATION #58,6155 SAWMILL RD,DUBLIN
437,MEISTER'S BAR,1168 CHAMBERS RD,COLUMBUS
438,MI FAMILIA MARKET,2331 W BROAD ST,COLUMBUS
439,MIDNIGHT HOOKAH,1167 MT PLEASANT AVE,COLUMBUS
440,MIDWEST WELLNESS STORE,5425 BETHEL SAWMILL CTR,COLUMBUS
441,MIKE FOOD MART,2660 NOE BIXBY RD,COLUMBUS
442,MIKE'S MARKET,3327-29 MAIZE RD,COLUMBUS
443,MILHEM MARKET,1562 WATKINS RD,COLUMBUS
444,MINERVA MARKET,4951 CLEVELAND AVE,COLUMBUS
445,MIRACLE TRADING COMPANY,1915 TAMARACK CIR N,COLUMBUS
446,MK 57 VAPE,2602 HILLIARD ROME RD,HILLIARD
447,MOBIL FIFTH AVE,1773 E 5TH AVE,COLUMBUS
448,MOBIL MART,2635 W BROAD ST,COLUMBUS
449,MOBIL MART,2727 CLEVELAND AVE,COLUMBUS
450,MOBILE MART,2835 WESTERVILLE RD,COLUMBUS
451,MOBILE MART,830 PARSONS AVE,COLUMBUS
452,MORSE & CLEVELAND SHELL,4431 CLEVELAND AVE,COLUMBUS
453,MORSE QUICK MART,1570 MORSE RD,COLUMBUS
454,MOUND STREET MARKET,1690 W MOUND ST,COLUMBUS
455,MOUND STREET SUNOCO,1102 W MOUND ST,COLUMBUS
456,MOZ MOZ,2700 N HIGH ST,COLUMBUS
457,MYRA DISCOUNT TOBACCO,7095 E BROAD ST STE B,COLUMBUS
458,N & N SUPERMARKET,2240 SULLIVANT AVE,COLUMBUS
459,N HIGH BP,5385 N HIGH ST,COLUMBUS
460,NA SMOKE SHOP,5597 N HAMILTON RD,COLUMBUS
461,NABBY'S CARRYOUT,1235 E HUDSON ST,COLUMBUS
462,NATURAL NECESSITIES,3130 E LIVINGSTON AVE,COLUMBUS
463,NAZANA'S PARADISE DRIVE THRU,1540 W MOUND ST,COLUMBUS
464,NELSON CONVENIENCE STORE,155 NATIONWIDE BLVD STE 115,COLUMBUS
465,NEPALI BAZAAR,1782 MORSE RD,COLUMBUS
466,NEPALI MART,1480 MORSE RD,COLUMBUS
467,NEW BOTTLE CAP BEVERAGE,3020 E LIVINGSTON AVE,COLUMBUS
468,NIELSEN'S  #17,400 N HIGH ST STE 101-3,COLUMBUS
469,NIELSONS,3 NATIONWIDE PLZ,COLUMBUS
470,NOE BIXBY DRIVE THRU,2960 NOE BIXBY RD,COLUMBUS
471,NOE BIXBY MARATHON,4755 REFUGEE RD,COLUMBUS
472,NORTH BROADWAY SUNOCO,700 E NORTH BROADWAY ST,COLUMBUS
473,NORTH CAMPUS FOOD MART,2424 N HIGH ST,COLUMBUS
474,NORTH LINDEN MARKET,1580 JOYCE AVE,COLUMBUS
475,NORTHLAND MARKET,4312 KARL RD,COLUMBUS
476,NORTHWEST CARRYOUT,1281 W 5TH AVE,COLUMBUS
477,NORTHWEST WINE & SPIRITS,821 BETHEL RD,COLUMBUS
478,NORTON MARATHON,385 NORTON RD,COLUMBUS
479,NORTON ROAD DRIVE THRU,550 NORTON RD,COLUMBUS
480,NORTON SUNOCO,552 NORTON RD,COLUMBUS
481,NV BAR & LOUNGE,797 ST CLAIR AVE,COLUMBUS
482,ONE STOP,4305 EASTLAND SQUARE DR,COLUMBUS
483,ONE STOP MARKET,1447 S HAMILTON RD,COLUMBUS
484,OUT OF THIS WORLD FLOWER COMPANY,1505 FREBIS AVE UNIT A,COLUMBUS
485,OUTLET SMOKE SHOP,6091 MCNAUGHTEN CTR,COLUMBUS
486,PACE HIGH CARRYOUT,3179 N HIGH ST,COLUMBUS
487,PAK SMOKE,6116 BOARDWALK ST,COLUMBUS
488,PALMER'S BEVERAGE CENTER,3375 INDIANOLA AVE,COLUMBUS
489,PARADISE SMOKE N VAPE,2127 HILLIARD  ROME RD,HILLIARD
490,PARKVILLE MARKET,5705 PARKVILLE ST,COLUMBUS
491,PARKWOOD MARKET,2207 PARKWOOD AVE,COLUMBUS
492,PARSONS EXPRESS,1526 PARSONS AVE,COLUMBUS
493,PARSONS MARATHON,959 PARSONS AVE,COLUMBUS
494,PERFECT POUR BEVERAGE,2827 FESTIVAL LN,DUBLIN
495,PHARAOHS HOOKAH CAFE,1460 N HIGH ST,COLUMBUS
496,PICK & GO,805 E MAIN ST,COLUMBUS
497,PILOT TRAVEL CENTER #213,3600 INTERCHANGE RD,COLUMBUS
498,PIZZA CHATEAU,2602 EAKIN RD,COLUMBUS
499,PJ'S DRIVE THRU,1973 HARD RD,COLUMBUS
500,PJ'S GRILL,15 E FRAMBES AVE,COLUMBUS
501,PLANET 7 SMOKE SHOP,1721 S HIGH ST,COLUMBUS
502,PLANET PUFF,2530 SULLIVANT AVE,COLUMBUS
503,PLANET PUFF,383 WILSON AVE,COLUMBUS
504,PLAZA FOOD,1050 MT VERNON AVE,COLUMBUS
505,POWELL SHELL,2080 SUMMIT ROW BLVD,POWELL
506,POWER FLOWER,958 W BROAD ST,COLUMBUS
507,PUFF AVE,4382 INDIANOLA AVE,COLUMBUS
508,PUFF CRAZE,2792 STELZER RD,COLUMBUS
509,PUFF PALACE,5562 N HIGH ST,COLUMBUS
510,QUARRY MARKET,2954 MCKINLEY AVE,COLUMBUS
511,QUENCHING CAVERNS,5250 GODOWN RD,COLUMBUS
512,QUICK & EASY MART,4197 CLEVELAND AVE,COLUMBUS
513,QUICK AND COLD DRIVE THRU,1550 LOCKBOURNE RD,COLUMBUS
514,QUICK CARRYOUT,2934 S HIGH ST,COLUMBUS
515,QUICK STOP,2776 E 5TH AVE,COLUMBUS
516,RAMA  FOODMART & DELI,334 N 20TH ST,COLUMBUS
517,REFUGEE FOOD MART,3877 REFUGEE RD,COLUMBUS
518,RIDERS HUT,3322 W BROAD ST,COLUMBUS
519,RIDI PETROLEUM,1401 SULLIVANT AVE,COLUMBUS
520,ROBERTS ROAD MARATHON,4400 ROBERTS RD,COLUMBUS
521,ROCKY HOC,2448 S HIGH ST,COLUMBUS
522,ROSCO'S MARKET,2500 SULLIVANT AVE,COLUMBUS
523,RP MART,1263 E DUBLIN GRANVILLE RD,COLUMBUS
524,SAHARA SHI-SHA CAFE,20 E ARCADIA AVE,COLUMBUS
525,SALLY'S MARKET,740 SULLIVANT AVE,COLUMBUS
526,SAMO MARKET,4420 WALFORD ST,COLUMBUS
527,SAM'S CARRY OUT,860 N CASSADY AVE,COLUMBUS
528,SAM'S DRIVE THRU,2357 SULLIVANT AVE,COLUMBUS
529,SAM'S FOOD SHOP,981 SULLIVANT AVE,COLUMBUS
530,SANCUS CARRYOUT,8296 SANCUS BLVD,WESTERVILLE
531,SANDALWOOD SUPERMARKET,5461 SANDALWOOD BLVD,COLUMBUS
532,SANTIAGO SUPERMARKET,5431 ROBERTS RD,HILLIARD
533,SAVE WAY MARKET,1370 SULLIVANT AVE,COLUMBUS
534,SAVE WAY MINI MART,2585 W BROAD ST,COLUMBUS
535,SAVOR GROWL,2991 INDIANOLA AVE,COLUMBUS
536,SAVOR PINT,4440 INDIANOLA AVE,COLUMBUS
537,SCIOTO DOWN - SPORTS BAR & PATIO BAR,6000 S HIGH ST,COLUMBUS
538,SCIOTO DOWNS,6000 S HIGH ST,COLUMBUS
539,SCIOTO DOWNS GAMING BUILDING,6000 S HIGH ST,COLUMBUS
540,SCIOTO DOWNS GAMING BUILDING,6000 S HIGH ST,COLUMBUS
541,SHANGRILA MART,7199 E BROAD ST,BLACKLICK
542,SHARON SQUARE WINE SHOP,5590 N HIGH ST,COLUMBUS
543,SHATTER HOUSE,1216 PARSONS AVE,COLUMBUS
544,SHEETZ #714,2700 BRICE RD,REYNOLDSBURG
545,SHEETZ #720,6229 E DUBLIN GRANVILLE RD,NEW ALBANY
546,SHEETZ #722,3999 S HAMILTON RD,GROVEPORT
547,SHEETZ #723,2840 JOHNSTOWN RD,COLUMBUS
548,SHEETZ #724,975 E DUBLIN GRANVILLE RD,COLUMBUS
549,SHEETZ #725,1555 POLARIS PKWY,COLUMBUS
550,SHEETZ #738,1485 N CASSADY AVE,COLUMBUS
551,SHEETZ #757,930 HILLIARD ROME RD,COLUMBUS
552,SHEETZ #758,920 POLARIS PKWY,COLUMBUS
553,SHEETZ #767,1380 BETHEL RD,COLUMBUS
554,SHEETZ #825 - HIGH CROSS,161 E CAMPUS VIEW BLVD,COLUMBUS
555,SHEETZ #849 - WALCUTT,4881 ROBERTS RD,COLUMBUS
556,SHEETZ #862,7480 SAWMILL RD,COLUMBUS
557,SHEETZ #882,5757 W BROAD ST,COLUMBUS
558,SHELL,4751 E MAIN ST,COLUMBUS
559,SHELL HUDSON AND I-71,666 E HUDSON ST,COLUMBUS
560,S-HI CARRYOUT,3250 S HIGH ST,COLUMBUS
561,SHOBIS MARKET,1650 PARSONS AVE,COLUMBUS
562,SHOP 614,1949 ZETTLER CENTER DR,COLUMBUS
563,SILVER SMILE,5346 SINCLAIR RD,COLUMBUS
564,SIRENS,6190 CLEVELAND AVE,COLUMBUS
565,SMART STOP DRIVE THRU,6830 REFUGEE RD,COLUMBUS
566,SMOKE & CELLULAR EXPRESS,910 E HUDSON ST,COLUMBUS
567,SMOKE 2 VAPE & TOBACCO,7650 SAWMILL RD,DUBLIN
568,SMOKE 614,2465 N HIGH ST,COLUMBUS
569,SMOKE HOUSE PLUS,4950 N HIGH ST,COLUMBUS
570,SMOKE HUB,1119 WORTHINGTON WOODS BLVD,WORTHINGTON
571,SMOKE N GULP,5630 HALL RD,GALLOWAY
572,SMOKE OUTLET,1019 W BROAD ST,COLUMBUS
573,SMOKE OUTLET,1635 PARSONS AVE,COLUMBUS
574,SMOKE OUTLET,2471 E DUBLIN GRANVILLE RD,COLUMBUS
575,SMOKE PALACE,5678 W BROAD ST,GALLOWAY
576,SMOKE PLUS FIVE,2671 PALMETTO ST,COLUMBUS
577,SMOKE SHOP,1898 HARD RD,COLUMBUS
578,SMOKE SHOP,6520 HAYDEN RUN RD UNIT 4,HILLIARD
579,SMOKE SHOP 1,1597 W 5TH AVE,COLUMBUS
580,SMOKE SHOP CIGARS,3581 REFUGEE RD,COLUMBUS
581,SMOKE ZONE SMOKE SHOP,1202 N HIGH ST,COLUMBUS
582,SMOKE ZONE SMOKE SHOP,4 E 13TH AVE,COLUMBUS
583,SMOKER SPIN 1,5462 WESTERVILLE RD,WESTERVILLE
584,SMOKER WORLD,5043 TUTTLE CROSSING BLVD STE 164,DUBLIN
585,SMOKER ZONE,8927 S OLD STATE RD,LEWIS CENTER
586,SMOKER ZONE,970 GALLOWAY RD,GALLOWAY
587,SMOKIE TALKIE,1230 DEMOREST RD,COLUMBUS
588,SMVC STORE,855 S WEYANT AVE,COLUMBUS
589,SNAG DELIVERY RETAIL STORE (OSU),1882 N HIGH ST,COLUMBUS
590,SOUSSY MARKET,1950 N 4TH ST UNIT M,COLUMBUS
591,SOUTH ASIAN BAZAAR,1995 MORSE RD,COLUMBUS
592,SOUTH HIGH MOBIL,2727 S HIGH ST,COLUMBUS
593,SOUTH HIGH SMOKE SHOP,3396 S HIGH ST,COLUMBUS
594,SPARTANS MARKET,4992 LINDORA DR,COLUMBUS
595,SPEEDWAY 1180,4494 KENNY RD,COLUMBUS
596,SPEEDWAY 1193,4240 MORSE RD,COLUMBUS
597,SPEEDWAY 1204,6399 REFUGEE RD,CANAL WINCHESTER
598,SPEEDWAY 1216,6175 E LIVINGSTON AVE,COLUMBUS
599,SPEEDWAY 2034,2875 STELZER RD,COLUMBUS
600,SPEEDWAY 3323,1442 N CASSADY AVE,COLUMBUS
601,SPEEDWAY 3384,825 WORTHINGTON WOODS BLVD,COLUMBUS
602,SPEEDWAY 4275,7860 E BROAD ST,BLACKLICK
603,SPEEDWAY 5117,5657 CLEVELAND AVE,COLUMBUS
604,SPEEDWAY 5128,3860 S HIGH ST,COLUMBUS
605,SPEEDWAY 5235,635 WEBER RD,COLUMBUS
606,SPEEDWAY 5238,955 S GALLOWAY RD,GALLOWAY
607,SPEEDWAY 5284,799 N WILSON RD,COLUMBUS
608,SPEEDWAY 6202,744 W 5TH AVE,COLUMBUS
609,SPEEDWAY 8345,4830 N HAMILTON RD,COLUMBUS
610,SPEEDWAY 9147,1434 BETHEL RD,COLUMBUS
611,SPEEDWAY 9151,4901 E MAIN ST,COLUMBUS
612,SPEEDWAY 9159,1790 HENDERSON RD,COLUMBUS
613,SPEEDWAY 9165,3233 REFUGEE RD,COLUMBUS
614,SPEEDWAY 9249,3974 CLEVELAND AVE,COLUMBUS
615,SPEEDWAY 9263,6425 E BROAD ST,COLUMBUS
616,SPEEDWAY 9265,2567 WALCUTT RD,HILLIARD
617,SPEEDWAY 9268,1505 HARRISBURG PIKE,COLUMBUS
618,SPEEDWAY 9270,2775 BRICE RD,REYNOLDSBURG
619,SPEEDWAY 9281,2510 N HIGH ST,COLUMBUS
620,SPEEDWAY 9283,5984 SAWMILL RD,DUBLIN
621,SPEEDWAY 9298,1700 HILLIARD ROME RD,COLUMBUS
622,SPEEDWAY 9339,2965 E MAIN ST,COLUMBUS
623,SPEEDWAY 9340,5735 MAPLE CANYON AVE,COLUMBUS
624,SPEEDWAY 9356,3611 FISHINGER BLVD,COLUMBUS
625,SPEEDWAY 9371,1626 W 5TH AVE,COLUMBUS
626,SPEEDWAY 9376,770 POLARIS PKWY,LEWIS CENTER
627,SPEEDWAY 9706,3304 E BROAD ST,COLUMBUS
628,SPEEDWAY 9751,1165 S HIGH ST,COLUMBUS
629,SPEEDWAY 9770,1103 MORSE RD,COLUMBUS
630,SPEEDWAY 9775,821 E DUBLIN GRANVILLE RD,COLUMBUS
631,SPEEDY DRIVE THRU & SMOKE,2421 SULLIVANT AVE,COLUMBUS
632,SPEEDY MART,1475 S CHAMPION AVE,COLUMBUS
633,SPEEDY MART,3377 E LIVINGSTON AVE,COLUMBUS
634,SQUARE'S CARRY OUT,5870 COLUMBUS SQ,COLUMBUS
635,STAFFORD'S MARKET,2204 PARKWOOD AVE,COLUMBUS
636,STAR CARRY OUT,1565 N 4TH ST,COLUMBUS
637,STAR MART,1910 LOCKBOURNE RD,COLUMBUS
638,STEELE AVENUE MARKET,2552 STEELE AVE,COLUMBUS
639,STELZER FOOD EXPRESS,755 STELZER RD,COLUMBUS
640,STOP-N-SHOP MARKET,1858 LOCKBOURNE RD,COLUMBUS
641,STRAIGHT UP SMOKE SHOP & FOOD MART,1290 S HIGH ST,COLUMBUS
642,SULLIVANT BP,2800 SULLIVANT AVE,COLUMBUS
643,SUNOCO,1010 HARMON AVE,COLUMBUS
644,SUNOCO,1690 S HIGH ST,COLUMBUS
645,SUNOCO,3034 E BROAD ST,COLUMBUS
646,SUNOCO,726 W BROAD ST,COLUMBUS
647,SUNOCO,993 KING AVE,COLUMBUS
648,SUNOCO GAS,2570 N HIGH ST,COLUMBUS
649,SUNOCO GAS,4840 SINCLAIR RD,COLUMBUS
650,SUNOCO WEST BROAD,2725 W BROAD ST,COLUMBUS
651,SUNSHINE FOOD MARKET,5880 NORTHMEADOWS BLVD UNIT A,COLUMBUS
652,SUNSHINE GROCERY,4583 MORSE CENTER RD,COLUMBUS
653,SUPER FOOD MART,3166 N HIGH ST,COLUMBUS
654,SUPER SPEEDY,1585 E DUBLIN GRANVILLE RD,COLUMBUS
655,SUPER USA 202,980 DEMOREST RD,COLUMBUS
656,TAMARACK SUNOCO,1886 TAMARACK CIR S,COLUMBUS
657,TARA SUPER,2131 CLEVELAND AVE,COLUMBUS
658,THE DRUG STORE,2940 GROVEPORT RD,COLUMBUS
659,THE EXHALE SHOP MARKET,1640 E DUBLIN GRANVILLE RD STE 7,COLUMBUS
660,THE JOINT,1186 N HIGH ST,COLUMBUS
661,THE SPACE STATION SMOKE SHOP,773 PARSONS AVE,COLUMBUS
662,THE SPOT BAR,5999 E LIVINGSTON AVE,COLUMBUS
663,THIRSTY DRIVE THRU,4027 E LIVINGSTON AVE,COLUMBUS
664,THORNTON #501,2333 N WILSON RD,COLUMBUS
665,THORNTONS #36,4600 WINCHESTER PIKE,COLUMBUS
666,THORNTONS #66,1771 NORTON RD,COLUMBUS
667,THORTON #500,3898 ALUM CREEK DR,COLUMBUS
668,THREE STAR FOOD MART,1107 E WEBER RD,COLUMBUS
669,THURBER VILLAGE MARKET,660 NEIL AVE,COLUMBUS
670,TINDER BOX #378,5881-87 KARRIC SQUARE DR,DUBLIN
671,TINDER BOX #408,4028 TOWNSFAIR WY,COLUMBUS
672,TO THE MOON SMOKE & VAPE,3329 E BROAD ST,COLUMBUS
673,TO THE MOON SMOKE & VAPE,8293 MARKET EXCHANGE DR,WESTERVILLE
674,TOBACCO DISCOUNTER,2139 EAKIN RD,COLUMBUS
675,TOBACCO DISCOUNTERS,208 GRACELAND BLVD,COLUMBUS
676,TOBACCO DISCOUNTERS,3767 S HIGH ST,COLUMBUS
677,TOBACCO FOR LESS,2410 N HIGH ST,COLUMBUS
678,TOBACCO INTERNATIONAL,18 E 13TH AVE,COLUMBUS
679,TOBACCO OUTLET,5769 CLEVELAND AVE,COLUMBUS
680,TOBACCO OUTLET III,2807 W BROAD ST,COLUMBUS
681,TOBACCO PLUS,2966 HAYDEN RD,COLUMBUS
682,TOBACCO PLUS,3520 CLIME RD,COLUMBUS
683,TOBACCO PLUS CLINTONVILLE,4672 INDIANOLA AVE,COLUMBUS
684,TOBACCO PLUS MINI MART,6457 N HAMILTON RD,WESTERVILLE
685,TOBACO SHOP DRIVE THRU,1500 W BROAD ST,COLUMBUS
686,TOKE N' JOKE HEADSHOP,1641 SULLIVANT AVE,COLUMBUS
687,TOP NOTCH VAPOR,3496 W DUBLIN - GRANVILLE RD,COLUMBUS
688,TRABUE FOOD MART,4111 TRABUE RD,COLUMBUS
689,TROPICAL TRENDS,2594 BETHEL RD,COLUMBUS
690,TRUE NORTH STORE #602,3970 MORSE RD,COLUMBUS
691,TRUE NORTH STORE #604,8500 N HIGH ST,COLUMBUS
692,TRUE NORTH STORE #605,5989 E MAIN ST,COLUMBUS
693,TRUE NORTH STORE #606,1195 MORSE RD,COLUMBUS
694,TRUE NORTH STORE #608,1500 HILLIARD ROME RD,COLUMBUS
695,TRUE NORTH STORE #609,6790 SAWMILL RD,COLUMBUS
696,TRUE NORTH STORE #610,2800 BETHEL RD,COLUMBUS
697,TRUE NORTH STORE #611,5340 TUTTLE CROSSING BLVD,DUBLIN
698,TRUE NORTH STORE #612,631 S HIGH ST,COLUMBUS
699,TRUE NORTH STORE #675,1955 POLARIS PKWY,COLUMBUS
700,TRUE NORTH STORE #676,3975 RIDGE MILL DR,HILLIARD
701,TRUE NORTH STORE #677,2441 LOCKBOURNE RD,COLUMBUS
702,TURKEY HILL #704,2685 N HIGH ST,COLUMBUS
703,TURKEY HILL #705,1953 MORSE RD,COLUMBUS
704,TURKEY HILL #717,950 GEORGESVILLE RD,COLUMBUS
705,TURKEY HILL MINIT MARKET,5350 TUTTLE CROSSING BLVD,DUBLIN
706,TURKEY HILL MINIT MARKET #706,1880 E BROAD ST,COLUMBUS
707,TURKEY HILL MINIT MARKET #708,1425 N CASSADY AVE,COLUMBUS
708,TURKEY HILL MINIT MARKET #712,3900 S HIGH ST,COLUMBUS
709,TURKEY HILL MINIT MARKET #720,2731 WINCHESTER PIKE,COLUMBUS
710,TURKEY HILL MINIT MARKET STORE #701,6195 CLEVELAND AVE,COLUMBUS
711,TURKEY HILL MINIT MARKETS- TURKEY HILL #600,930 N WAGGONER RD,BLACKLICK
712,UNCLE MAX GAS & FOOD,1221 E HUDSON ST,COLUMBUS
713,UNITED DAIRY FARMERS #612,3535 CLIME RD,COLUMBUS
714,UNITED DAIRY FARMERS #613,2204 W DUBLIN-GRANVILLE RD,WORTHINGTON
715,UNITED DAIRY FARMERS #615,5370 N HIGH ST,COLUMBUS
716,UNITED DAIRY FARMERS #622,1930 HARD RD,COLUMBUS
717,UNITED DAIRY FARMERS #624,5025 TUTTLE CROSSING BLVD,DUBLIN
718,UNITED DAIRY FARMERS #628,2094 N HIGH ST,COLUMBUS
719,UNITED DAIRY FARMERS #632,880 N HIGH ST,COLUMBUS
720,UNITED DAIRY FARMERS #634,1680 N HIGH ST,COLUMBUS
721,UNITED DAIRY FARMERS #635,3388 INDIANOLA AVE,COLUMBUS
722,UNITED DAIRY FARMERS #644,3728 KARL RD,COLUMBUS
723,UNITED DAIRY FARMERS #646,1043 W BROAD ST,COLUMBUS
724,UNITED DAIRY FARMERS #649,530 S HAGUE AVE,COLUMBUS
725,UNITED DAIRY FARMERS #652,7580 WORTH-GALENA RD,WORTHINGTON
726,UNITED DAIRY FARMERS #653,8480 N HIGH ST,COLUMBUS
727,UNITED DAIRY FARMERS #654,6525 TUSSING RD,REYNOLDSBURG
728,UNITED DAIRY FARMERS #656,327 E HUDSON ST,COLUMBUS
729,UNITED DAIRY FARMERS #667,4775 SUNBURY RD,COLUMBUS
730,UNITED DAIRY FARMERS #669,901 NORTON RD,COLUMBUS
731,UNITED DAIRY FARMERS #670,1188 N WILSON RD,COLUMBUS
732,UNITED DAIRY FARMERS #674,2191 POLARIS PKWY,COLUMBUS
733,UNITED DAIRY FARMERS #676,1341 GEORGESVILLE RD,COLUMBUS
734,UNITED DAIRY FARMERS #677,5230 WARNER RD,WESTERVILLE
735,UNITED DAIRY FARMERS #680,5171 RIGGINS RD,DUBLIN
736,UNITED FOOD MART,2805 S HIGH ST,COLUMBUS
737,UNIVERSITY MARATHON,1584 SUMMIT ST,COLUMBUS
738,UP IN SMOKE SHOP,2926 S HIGH ST,COLUMBUS
739,US FOOD MART,1975 W MOUND ST,COLUMBUS
740,USA TOBACCO,4967 N HIGH ST,COLUMBUS
741,VANS CARRYOUT,1270 W TOWN ST,COLUMBUS
742,VAPE STAR,6634 SAWMILL RD,COLUMBUS
743,VAPOR HIGH UP INC,8282 SANCUS BLVD,WESTERVILLE
744,VAPOR MAVEN,1345 WORTHINGTON CENTRE DR,COLUMBUS
745,VAPOR MAVEN,1617 GEORGESVILLE SQUARE DR,COLUMBUS
746,VAPORFI,1077 POLARIS PKWY,COLUMBUS
747,VILLAGE CIGARS,1044 S HIGH ST,COLUMBUS
748,WAGGONER FOOD MART,7700 KENNEDY RD,BLACKLICK
749,WAHBI EXPRESS,436 N CHAMPION AVE,COLUMBUS
750,WALGREENS  #06119,7900 E BROAD ST,BLACKLICK
751,WALGREENS #01317,3445 S HIGH ST,COLUMBUS
752,WALGREENS #07368,4890 N HIGH ST,COLUMBUS
753,WALGREENS #07523,5690 W BROAD ST,GALLOWAY
754,WALGREENS #07525,2150 E DUBLIN GRANVILLE RD,COLUMBUS
755,WALGREENS #09093,5195 N HAMILTON RD,COLUMBUS
756,WALGREENS #09540,4530 KENNY RD,COLUMBUS
757,WALGREENS #09541,5555 NEW ALBANY RD E,NEW ALBANY
758,WALGREENS #10050,6201 E BROAD ST,COLUMBUS
759,WALGREENS #12083,1444 W 5TH AVE,COLUMBUS
760,WALGREENS #13007,1040 POLARIS PKWY,COLUMBUS
761,WALGREENS #21398,1782 N HIGH ST,COLUMBUS
762,WALGREENS #6273,3015 E LIVINGSTON AVE,COLUMBUS
763,WALGREENS #6378,2770 W BROAD ST,COLUMBUS
764,WALGREENS #6981,1280 DEMOREST RD,COLUMBUS
765,WEBER MARKET,727 E WEBER RD,COLUMBUS
766,WEBER ROAD MARKET,900 E WEBER RD,COLUMBUS
767,WEST BROAD CARRY OUT,1485 W BROAD ST,COLUMBUS
768,WEST BROAD SHELL/OB,1000 W BROAD ST,COLUMBUS
769,WEST HENDERSON MARKET,2264 W HENDERSON RD,COLUMBUS
770,WHEATLAND FOOD MART,1432 MT VERNON AVE,COLUMBUS
771,WILLYS MARKET,1917 HAMILTON AVE,COLUMBUS
772,WILSON MARKET,1081 E WHITTIER ST,COLUMBUS
773,WILSON MARKET,179 WILSON AVE,COLUMBUS
774,WINE & BREW EMPORIUM,6154 S SUNBURY RD UNIT B,WESTERVILLE
775,WOODLAND EXPRESS,1785 WOODLAND AVE,COLUMBUS
776,WORTHINGTON MARATHON,911 HIGH ST,WORTHINGTON
777,YATES BEVERAGE CENTER,5773 CLEVELAND AVE,COLUMBUS
778,YBB MARKET,2900 WESTERVILLE RD,COLUMBUS
779,YOUR BOYZ SMOKE SHOP,2357 W BROAD ST,COLUMBUS
780,ZACK'S CORNER STOP,1055 E WEBER RD,COLUMBUS
781,ZIGGY'S DRIVE THRU,350 W 3RD AVE,COLUMBUS
782,ZIP THRU 2 BEER & WINE,1146 NORTON RD,COLUMBUS
